{
    "_best_ema": "None",
    "batch_size": "12",
    "configuration_manager": "{'data_identifier': 'nnUNetPlans_2d', 'preprocessor_name': 'DefaultPreprocessor', 'batch_size': 12, 'patch_size': [512, 512], 'median_image_size_in_voxels': [512.0, 512.0], 'spacing': [0.767578125, 0.767578125], 'normalization_schemes': ['CTNormalization'], 'use_mask_for_norm': [False], 'resampling_fn_data': 'resample_data_or_seg_to_shape', 'resampling_fn_seg': 'resample_data_or_seg_to_shape', 'resampling_fn_data_kwargs': {'is_seg': False, 'order': 3, 'order_z': 0, 'force_separate_z': None}, 'resampling_fn_seg_kwargs': {'is_seg': True, 'order': 1, 'order_z': 0, 'force_separate_z': None}, 'resampling_fn_probabilities': 'resample_data_or_seg_to_shape', 'resampling_fn_probabilities_kwargs': {'is_seg': False, 'order': 1, 'order_z': 0, 'force_separate_z': None}, 'architecture': {'network_class_name': 'dynamic_network_architectures.architectures.unet.PlainConvUNet', 'arch_kwargs': {'n_stages': 8, 'features_per_stage': [32, 64, 128, 256, 512, 512, 512, 512], 'conv_op': 'torch.nn.modules.conv.Conv2d', 'kernel_sizes': [[3, 3], [3, 3], [3, 3], [3, 3], [3, 3], [3, 3], [3, 3], [3, 3]], 'strides': [[1, 1], [2, 2], [2, 2], [2, 2], [2, 2], [2, 2], [2, 2], [2, 2]], 'n_conv_per_stage': [2, 2, 2, 2, 2, 2, 2, 2], 'n_conv_per_stage_decoder': [2, 2, 2, 2, 2, 2, 2], 'conv_bias': True, 'norm_op': 'torch.nn.modules.instancenorm.InstanceNorm2d', 'norm_op_kwargs': {'eps': 1e-05, 'affine': True}, 'dropout_op': None, 'dropout_op_kwargs': None, 'nonlin': 'torch.nn.LeakyReLU', 'nonlin_kwargs': {'inplace': True}}, '_kw_requires_import': ['conv_op', 'norm_op', 'dropout_op', 'nonlin']}, 'batch_dice': True}",
    "configuration_name": "2d",
    "cudnn_version": "None",
    "current_epoch": "0",
    "dataloader_train": "<batchgenerators.dataloading.nondet_multi_threaded_augmenter.NonDetMultiThreadedAugmenter object at 0x12f921d30>",
    "dataloader_train.generator": "<nnunetv2.training.dataloading.data_loader.nnUNetDataLoader object at 0x12f921be0>",
    "dataloader_train.num_processes": "11",
    "dataloader_train.transform": "None",
    "dataloader_val": "<batchgenerators.dataloading.nondet_multi_threaded_augmenter.NonDetMultiThreadedAugmenter object at 0x12f902350>",
    "dataloader_val.generator": "<nnunetv2.training.dataloading.data_loader.nnUNetDataLoader object at 0x12f9025d0>",
    "dataloader_val.num_processes": "5",
    "dataloader_val.transform": "None",
    "dataset_json": "{'name': 'Liver', 'description': 'Liver, and cancer segmentation', 'reference': 'xxxx', 'licence': 'CC-BY-SA 4.0', 'release': '1.0 04/05/2018', 'tensorImageSize': '3D', 'channel_names': {'0': 'CT'}, 'labels': {'background': '0', 'liver': '1', 'cancer': '2'}, 'regions_class_order': [0, 1, 2], 'file_ending': '.nii.gz', 'numTraining': 131, 'numTest': 70, 'training': [{'image': './imagesTr/liver_0_0000.nii.gz', 'label': './labelsTr/liver_0.nii.gz'}, {'image': './imagesTr/liver_1_0000.nii.gz', 'label': './labelsTr/liver_1.nii.gz'}, {'image': './imagesTr/liver_2_0000.nii.gz', 'label': './labelsTr/liver_2.nii.gz'}, {'image': './imagesTr/liver_3_0000.nii.gz', 'label': './labelsTr/liver_3.nii.gz'}, {'image': './imagesTr/liver_4_0000.nii.gz', 'label': './labelsTr/liver_4.nii.gz'}, {'image': './imagesTr/liver_5_0000.nii.gz', 'label': './labelsTr/liver_5.nii.gz'}, {'image': './imagesTr/liver_6_0000.nii.gz', 'label': './labelsTr/liver_6.nii.gz'}, {'image': './imagesTr/liver_7_0000.nii.gz', 'label': './labelsTr/liver_7.nii.gz'}, {'image': './imagesTr/liver_8_0000.nii.gz', 'label': './labelsTr/liver_8.nii.gz'}, {'image': './imagesTr/liver_9_0000.nii.gz', 'label': './labelsTr/liver_9.nii.gz'}, {'image': './imagesTr/liver_10_0000.nii.gz', 'label': './labelsTr/liver_10.nii.gz'}, {'image': './imagesTr/liver_11_0000.nii.gz', 'label': './labelsTr/liver_11.nii.gz'}, {'image': './imagesTr/liver_12_0000.nii.gz', 'label': './labelsTr/liver_12.nii.gz'}, {'image': './imagesTr/liver_13_0000.nii.gz', 'label': './labelsTr/liver_13.nii.gz'}, {'image': './imagesTr/liver_14_0000.nii.gz', 'label': './labelsTr/liver_14.nii.gz'}, {'image': './imagesTr/liver_15_0000.nii.gz', 'label': './labelsTr/liver_15.nii.gz'}, {'image': './imagesTr/liver_16_0000.nii.gz', 'label': './labelsTr/liver_16.nii.gz'}, {'image': './imagesTr/liver_17_0000.nii.gz', 'label': './labelsTr/liver_17.nii.gz'}, {'image': './imagesTr/liver_18_0000.nii.gz', 'label': './labelsTr/liver_18.nii.gz'}, {'image': './imagesTr/liver_19_0000.nii.gz', 'label': './labelsTr/liver_19.nii.gz'}, {'image': './imagesTr/liver_20_0000.nii.gz', 'label': './labelsTr/liver_20.nii.gz'}, {'image': './imagesTr/liver_21_0000.nii.gz', 'label': './labelsTr/liver_21.nii.gz'}, {'image': './imagesTr/liver_22_0000.nii.gz', 'label': './labelsTr/liver_22.nii.gz'}, {'image': './imagesTr/liver_23_0000.nii.gz', 'label': './labelsTr/liver_23.nii.gz'}, {'image': './imagesTr/liver_24_0000.nii.gz', 'label': './labelsTr/liver_24.nii.gz'}, {'image': './imagesTr/liver_25_0000.nii.gz', 'label': './labelsTr/liver_25.nii.gz'}, {'image': './imagesTr/liver_26_0000.nii.gz', 'label': './labelsTr/liver_26.nii.gz'}, {'image': './imagesTr/liver_27_0000.nii.gz', 'label': './labelsTr/liver_27.nii.gz'}, {'image': './imagesTr/liver_28_0000.nii.gz', 'label': './labelsTr/liver_28.nii.gz'}, {'image': './imagesTr/liver_29_0000.nii.gz', 'label': './labelsTr/liver_29.nii.gz'}, {'image': './imagesTr/liver_30_0000.nii.gz', 'label': './labelsTr/liver_30.nii.gz'}, {'image': './imagesTr/liver_31_0000.nii.gz', 'label': './labelsTr/liver_31.nii.gz'}, {'image': './imagesTr/liver_32_0000.nii.gz', 'label': './labelsTr/liver_32.nii.gz'}, {'image': './imagesTr/liver_33_0000.nii.gz', 'label': './labelsTr/liver_33.nii.gz'}, {'image': './imagesTr/liver_34_0000.nii.gz', 'label': './labelsTr/liver_34.nii.gz'}, {'image': './imagesTr/liver_35_0000.nii.gz', 'label': './labelsTr/liver_35.nii.gz'}, {'image': './imagesTr/liver_36_0000.nii.gz', 'label': './labelsTr/liver_36.nii.gz'}, {'image': './imagesTr/liver_37_0000.nii.gz', 'label': './labelsTr/liver_37.nii.gz'}, {'image': './imagesTr/liver_38_0000.nii.gz', 'label': './labelsTr/liver_38.nii.gz'}, {'image': './imagesTr/liver_39_0000.nii.gz', 'label': './labelsTr/liver_39.nii.gz'}, {'image': './imagesTr/liver_40_0000.nii.gz', 'label': './labelsTr/liver_40.nii.gz'}, {'image': './imagesTr/liver_41_0000.nii.gz', 'label': './labelsTr/liver_41.nii.gz'}, {'image': './imagesTr/liver_42_0000.nii.gz', 'label': './labelsTr/liver_42.nii.gz'}, {'image': './imagesTr/liver_43_0000.nii.gz', 'label': './labelsTr/liver_43.nii.gz'}, {'image': './imagesTr/liver_44_0000.nii.gz', 'label': './labelsTr/liver_44.nii.gz'}, {'image': './imagesTr/liver_45_0000.nii.gz', 'label': './labelsTr/liver_45.nii.gz'}, {'image': './imagesTr/liver_46_0000.nii.gz', 'label': './labelsTr/liver_46.nii.gz'}, {'image': './imagesTr/liver_47_0000.nii.gz', 'label': './labelsTr/liver_47.nii.gz'}, {'image': './imagesTr/liver_48_0000.nii.gz', 'label': './labelsTr/liver_48.nii.gz'}, {'image': './imagesTr/liver_49_0000.nii.gz', 'label': './labelsTr/liver_49.nii.gz'}, {'image': './imagesTr/liver_50_0000.nii.gz', 'label': './labelsTr/liver_50.nii.gz'}, {'image': './imagesTr/liver_51_0000.nii.gz', 'label': './labelsTr/liver_51.nii.gz'}, {'image': './imagesTr/liver_52_0000.nii.gz', 'label': './labelsTr/liver_52.nii.gz'}, {'image': './imagesTr/liver_53_0000.nii.gz', 'label': './labelsTr/liver_53.nii.gz'}, {'image': './imagesTr/liver_54_0000.nii.gz', 'label': './labelsTr/liver_54.nii.gz'}, {'image': './imagesTr/liver_55_0000.nii.gz', 'label': './labelsTr/liver_55.nii.gz'}, {'image': './imagesTr/liver_56_0000.nii.gz', 'label': './labelsTr/liver_56.nii.gz'}, {'image': './imagesTr/liver_57_0000.nii.gz', 'label': './labelsTr/liver_57.nii.gz'}, {'image': './imagesTr/liver_58_0000.nii.gz', 'label': './labelsTr/liver_58.nii.gz'}, {'image': './imagesTr/liver_59_0000.nii.gz', 'label': './labelsTr/liver_59.nii.gz'}, {'image': './imagesTr/liver_60_0000.nii.gz', 'label': './labelsTr/liver_60.nii.gz'}, {'image': './imagesTr/liver_61_0000.nii.gz', 'label': './labelsTr/liver_61.nii.gz'}, {'image': './imagesTr/liver_62_0000.nii.gz', 'label': './labelsTr/liver_62.nii.gz'}, {'image': './imagesTr/liver_63_0000.nii.gz', 'label': './labelsTr/liver_63.nii.gz'}, {'image': './imagesTr/liver_64_0000.nii.gz', 'label': './labelsTr/liver_64.nii.gz'}, {'image': './imagesTr/liver_65_0000.nii.gz', 'label': './labelsTr/liver_65.nii.gz'}, {'image': './imagesTr/liver_66_0000.nii.gz', 'label': './labelsTr/liver_66.nii.gz'}, {'image': './imagesTr/liver_67_0000.nii.gz', 'label': './labelsTr/liver_67.nii.gz'}, {'image': './imagesTr/liver_68_0000.nii.gz', 'label': './labelsTr/liver_68.nii.gz'}, {'image': './imagesTr/liver_69_0000.nii.gz', 'label': './labelsTr/liver_69.nii.gz'}, {'image': './imagesTr/liver_70_0000.nii.gz', 'label': './labelsTr/liver_70.nii.gz'}, {'image': './imagesTr/liver_71_0000.nii.gz', 'label': './labelsTr/liver_71.nii.gz'}, {'image': './imagesTr/liver_72_0000.nii.gz', 'label': './labelsTr/liver_72.nii.gz'}, {'image': './imagesTr/liver_73_0000.nii.gz', 'label': './labelsTr/liver_73.nii.gz'}, {'image': './imagesTr/liver_74_0000.nii.gz', 'label': './labelsTr/liver_74.nii.gz'}, {'image': './imagesTr/liver_75_0000.nii.gz', 'label': './labelsTr/liver_75.nii.gz'}, {'image': './imagesTr/liver_76_0000.nii.gz', 'label': './labelsTr/liver_76.nii.gz'}, {'image': './imagesTr/liver_77_0000.nii.gz', 'label': './labelsTr/liver_77.nii.gz'}, {'image': './imagesTr/liver_78_0000.nii.gz', 'label': './labelsTr/liver_78.nii.gz'}, {'image': './imagesTr/liver_79_0000.nii.gz', 'label': './labelsTr/liver_79.nii.gz'}, {'image': './imagesTr/liver_80_0000.nii.gz', 'label': './labelsTr/liver_80.nii.gz'}, {'image': './imagesTr/liver_81_0000.nii.gz', 'label': './labelsTr/liver_81.nii.gz'}, {'image': './imagesTr/liver_82_0000.nii.gz', 'label': './labelsTr/liver_82.nii.gz'}, {'image': './imagesTr/liver_83_0000.nii.gz', 'label': './labelsTr/liver_83.nii.gz'}, {'image': './imagesTr/liver_84_0000.nii.gz', 'label': './labelsTr/liver_84.nii.gz'}, {'image': './imagesTr/liver_85_0000.nii.gz', 'label': './labelsTr/liver_85.nii.gz'}, {'image': './imagesTr/liver_86_0000.nii.gz', 'label': './labelsTr/liver_86.nii.gz'}, {'image': './imagesTr/liver_87_0000.nii.gz', 'label': './labelsTr/liver_87.nii.gz'}, {'image': './imagesTr/liver_88_0000.nii.gz', 'label': './labelsTr/liver_88.nii.gz'}, {'image': './imagesTr/liver_89_0000.nii.gz', 'label': './labelsTr/liver_89.nii.gz'}, {'image': './imagesTr/liver_90_0000.nii.gz', 'label': './labelsTr/liver_90.nii.gz'}, {'image': './imagesTr/liver_91_0000.nii.gz', 'label': './labelsTr/liver_91.nii.gz'}, {'image': './imagesTr/liver_92_0000.nii.gz', 'label': './labelsTr/liver_92.nii.gz'}, {'image': './imagesTr/liver_93_0000.nii.gz', 'label': './labelsTr/liver_93.nii.gz'}, {'image': './imagesTr/liver_94_0000.nii.gz', 'label': './labelsTr/liver_94.nii.gz'}, {'image': './imagesTr/liver_95_0000.nii.gz', 'label': './labelsTr/liver_95.nii.gz'}, {'image': './imagesTr/liver_96_0000.nii.gz', 'label': './labelsTr/liver_96.nii.gz'}, {'image': './imagesTr/liver_97_0000.nii.gz', 'label': './labelsTr/liver_97.nii.gz'}, {'image': './imagesTr/liver_98_0000.nii.gz', 'label': './labelsTr/liver_98.nii.gz'}, {'image': './imagesTr/liver_99_0000.nii.gz', 'label': './labelsTr/liver_99.nii.gz'}, {'image': './imagesTr/liver_100_0000.nii.gz', 'label': './labelsTr/liver_100.nii.gz'}, {'image': './imagesTr/liver_101_0000.nii.gz', 'label': './labelsTr/liver_101.nii.gz'}, {'image': './imagesTr/liver_102_0000.nii.gz', 'label': './labelsTr/liver_102.nii.gz'}, {'image': './imagesTr/liver_103_0000.nii.gz', 'label': './labelsTr/liver_103.nii.gz'}, {'image': './imagesTr/liver_104_0000.nii.gz', 'label': './labelsTr/liver_104.nii.gz'}, {'image': './imagesTr/liver_105_0000.nii.gz', 'label': './labelsTr/liver_105.nii.gz'}, {'image': './imagesTr/liver_106_0000.nii.gz', 'label': './labelsTr/liver_106.nii.gz'}, {'image': './imagesTr/liver_107_0000.nii.gz', 'label': './labelsTr/liver_107.nii.gz'}, {'image': './imagesTr/liver_108_0000.nii.gz', 'label': './labelsTr/liver_108.nii.gz'}, {'image': './imagesTr/liver_109_0000.nii.gz', 'label': './labelsTr/liver_109.nii.gz'}, {'image': './imagesTr/liver_110_0000.nii.gz', 'label': './labelsTr/liver_110.nii.gz'}, {'image': './imagesTr/liver_111_0000.nii.gz', 'label': './labelsTr/liver_111.nii.gz'}, {'image': './imagesTr/liver_112_0000.nii.gz', 'label': './labelsTr/liver_112.nii.gz'}, {'image': './imagesTr/liver_113_0000.nii.gz', 'label': './labelsTr/liver_113.nii.gz'}, {'image': './imagesTr/liver_114_0000.nii.gz', 'label': './labelsTr/liver_114.nii.gz'}, {'image': './imagesTr/liver_115_0000.nii.gz', 'label': './labelsTr/liver_115.nii.gz'}, {'image': './imagesTr/liver_116_0000.nii.gz', 'label': './labelsTr/liver_116.nii.gz'}, {'image': './imagesTr/liver_117_0000.nii.gz', 'label': './labelsTr/liver_117.nii.gz'}, {'image': './imagesTr/liver_118_0000.nii.gz', 'label': './labelsTr/liver_118.nii.gz'}, {'image': './imagesTr/liver_119_0000.nii.gz', 'label': './labelsTr/liver_119.nii.gz'}, {'image': './imagesTr/liver_120_0000.nii.gz', 'label': './labelsTr/liver_120.nii.gz'}, {'image': './imagesTr/liver_121_0000.nii.gz', 'label': './labelsTr/liver_121.nii.gz'}, {'image': './imagesTr/liver_122_0000.nii.gz', 'label': './labelsTr/liver_122.nii.gz'}, {'image': './imagesTr/liver_123_0000.nii.gz', 'label': './labelsTr/liver_123.nii.gz'}, {'image': './imagesTr/liver_124_0000.nii.gz', 'label': './labelsTr/liver_124.nii.gz'}, {'image': './imagesTr/liver_125_0000.nii.gz', 'label': './labelsTr/liver_125.nii.gz'}, {'image': './imagesTr/liver_126_0000.nii.gz', 'label': './labelsTr/liver_126.nii.gz'}, {'image': './imagesTr/liver_127_0000.nii.gz', 'label': './labelsTr/liver_127.nii.gz'}, {'image': './imagesTr/liver_128_0000.nii.gz', 'label': './labelsTr/liver_128.nii.gz'}, {'image': './imagesTr/liver_129_0000.nii.gz', 'label': './labelsTr/liver_129.nii.gz'}, {'image': './imagesTr/liver_130_0000.nii.gz', 'label': './labelsTr/liver_130.nii.gz'}], 'test': ['./imagesTs/liver_132_0000.nii.gz', './imagesTs/liver_133_0000.nii.gz', './imagesTs/liver_134_0000.nii.gz', './imagesTs/liver_135_0000.nii.gz', './imagesTs/liver_136_0000.nii.gz', './imagesTs/liver_137_0000.nii.gz', './imagesTs/liver_138_0000.nii.gz', './imagesTs/liver_139_0000.nii.gz', './imagesTs/liver_140_0000.nii.gz', './imagesTs/liver_141_0000.nii.gz', './imagesTs/liver_142_0000.nii.gz', './imagesTs/liver_143_0000.nii.gz', './imagesTs/liver_144_0000.nii.gz', './imagesTs/liver_145_0000.nii.gz', './imagesTs/liver_146_0000.nii.gz', './imagesTs/liver_147_0000.nii.gz', './imagesTs/liver_148_0000.nii.gz', './imagesTs/liver_149_0000.nii.gz', './imagesTs/liver_150_0000.nii.gz', './imagesTs/liver_151_0000.nii.gz', './imagesTs/liver_152_0000.nii.gz', './imagesTs/liver_153_0000.nii.gz', './imagesTs/liver_154_0000.nii.gz', './imagesTs/liver_155_0000.nii.gz', './imagesTs/liver_156_0000.nii.gz', './imagesTs/liver_157_0000.nii.gz', './imagesTs/liver_158_0000.nii.gz', './imagesTs/liver_159_0000.nii.gz', './imagesTs/liver_160_0000.nii.gz', './imagesTs/liver_161_0000.nii.gz', './imagesTs/liver_162_0000.nii.gz', './imagesTs/liver_163_0000.nii.gz', './imagesTs/liver_164_0000.nii.gz', './imagesTs/liver_165_0000.nii.gz', './imagesTs/liver_166_0000.nii.gz', './imagesTs/liver_167_0000.nii.gz', './imagesTs/liver_168_0000.nii.gz', './imagesTs/liver_169_0000.nii.gz', './imagesTs/liver_170_0000.nii.gz', './imagesTs/liver_171_0000.nii.gz', './imagesTs/liver_172_0000.nii.gz', './imagesTs/liver_173_0000.nii.gz', './imagesTs/liver_174_0000.nii.gz', './imagesTs/liver_175_0000.nii.gz', './imagesTs/liver_176_0000.nii.gz', './imagesTs/liver_177_0000.nii.gz', './imagesTs/liver_178_0000.nii.gz', './imagesTs/liver_179_0000.nii.gz', './imagesTs/liver_180_0000.nii.gz', './imagesTs/liver_181_0000.nii.gz', './imagesTs/liver_182_0000.nii.gz', './imagesTs/liver_183_0000.nii.gz', './imagesTs/liver_184_0000.nii.gz', './imagesTs/liver_185_0000.nii.gz', './imagesTs/liver_186_0000.nii.gz', './imagesTs/liver_187_0000.nii.gz', './imagesTs/liver_188_0000.nii.gz', './imagesTs/liver_189_0000.nii.gz', './imagesTs/liver_190_0000.nii.gz', './imagesTs/liver_191_0000.nii.gz', './imagesTs/liver_192_0000.nii.gz', './imagesTs/liver_193_0000.nii.gz', './imagesTs/liver_194_0000.nii.gz', './imagesTs/liver_195_0000.nii.gz', './imagesTs/liver_196_0000.nii.gz', './imagesTs/liver_197_0000.nii.gz', './imagesTs/liver_198_0000.nii.gz', './imagesTs/liver_199_0000.nii.gz', './imagesTs/liver_200_0000.nii.gz', './imagesTs/liver_201_0000.nii.gz']}",
    "device": "cpu",
    "disable_checkpointing": "False",
    "enable_deep_supervision": "True",
    "fold": "0",
    "folder_with_segs_from_previous_stage": "None",
    "grad_scaler": "None",
    "hostname": "Mykytas-MacBook-Pro.local",
    "inference_allowed_mirroring_axes": "(0, 1)",
    "initial_lr": "0.01",
    "is_cascaded": "False",
    "is_ddp": "False",
    "label_manager": "<nnunetv2.utilities.label_handling.label_handling.LabelManager object at 0x12e10a900>",
    "local_rank": "0",
    "log_file": "/Users/mykytababanin/Desktop/nnU-Net/nnUNet_results/Dataset503_Liver/nnUNetTrainer__nnUNetPlans__2d/fold_0/training_log_2025_3_29_21_41_59.txt",
    "logger": "<nnunetv2.training.logging.nnunet_logger.nnUNetLogger object at 0x12e10aa50>",
    "loss": "DeepSupervisionWrapper(\n  (loss): DC_and_CE_loss(\n    (ce): RobustCrossEntropyLoss()\n    (dc): MemoryEfficientSoftDiceLoss()\n  )\n)",
    "lr_scheduler": "<nnunetv2.training.lr_scheduler.polylr.PolyLRScheduler object at 0x12f920440>",
    "my_init_kwargs": "{'plans': {'dataset_name': 'Dataset503_Liver', 'plans_name': 'nnUNetPlans', 'original_median_spacing_after_transp': [1.0, 0.767578125, 0.767578125], 'original_median_shape_after_transp': [432, 512, 512], 'image_reader_writer': 'SimpleITKIO', 'transpose_forward': [0, 1, 2], 'transpose_backward': [0, 1, 2], 'configurations': {'2d': {'data_identifier': 'nnUNetPlans_2d', 'preprocessor_name': 'DefaultPreprocessor', 'batch_size': 12, 'patch_size': [512, 512], 'median_image_size_in_voxels': [512.0, 512.0], 'spacing': [0.767578125, 0.767578125], 'normalization_schemes': ['CTNormalization'], 'use_mask_for_norm': [False], 'resampling_fn_data': 'resample_data_or_seg_to_shape', 'resampling_fn_seg': 'resample_data_or_seg_to_shape', 'resampling_fn_data_kwargs': {'is_seg': False, 'order': 3, 'order_z': 0, 'force_separate_z': None}, 'resampling_fn_seg_kwargs': {'is_seg': True, 'order': 1, 'order_z': 0, 'force_separate_z': None}, 'resampling_fn_probabilities': 'resample_data_or_seg_to_shape', 'resampling_fn_probabilities_kwargs': {'is_seg': False, 'order': 1, 'order_z': 0, 'force_separate_z': None}, 'architecture': {'network_class_name': 'dynamic_network_architectures.architectures.unet.PlainConvUNet', 'arch_kwargs': {'n_stages': 8, 'features_per_stage': [32, 64, 128, 256, 512, 512, 512, 512], 'conv_op': 'torch.nn.modules.conv.Conv2d', 'kernel_sizes': [[3, 3], [3, 3], [3, 3], [3, 3], [3, 3], [3, 3], [3, 3], [3, 3]], 'strides': [[1, 1], [2, 2], [2, 2], [2, 2], [2, 2], [2, 2], [2, 2], [2, 2]], 'n_conv_per_stage': [2, 2, 2, 2, 2, 2, 2, 2], 'n_conv_per_stage_decoder': [2, 2, 2, 2, 2, 2, 2], 'conv_bias': True, 'norm_op': 'torch.nn.modules.instancenorm.InstanceNorm2d', 'norm_op_kwargs': {'eps': 1e-05, 'affine': True}, 'dropout_op': None, 'dropout_op_kwargs': None, 'nonlin': 'torch.nn.LeakyReLU', 'nonlin_kwargs': {'inplace': True}}, '_kw_requires_import': ['conv_op', 'norm_op', 'dropout_op', 'nonlin']}, 'batch_dice': True}, '3d_lowres': {'data_identifier': 'nnUNetPlans_3d_lowres', 'preprocessor_name': 'DefaultPreprocessor', 'batch_size': 2, 'patch_size': [128, 128, 128], 'median_image_size_in_voxels': [193, 205, 205], 'spacing': [2.5000803453253524, 1.9190069838141859, 1.9190069838141859], 'normalization_schemes': ['CTNormalization'], 'use_mask_for_norm': [False], 'resampling_fn_data': 'resample_data_or_seg_to_shape', 'resampling_fn_seg': 'resample_data_or_seg_to_shape', 'resampling_fn_data_kwargs': {'is_seg': False, 'order': 3, 'order_z': 0, 'force_separate_z': None}, 'resampling_fn_seg_kwargs': {'is_seg': True, 'order': 1, 'order_z': 0, 'force_separate_z': None}, 'resampling_fn_probabilities': 'resample_data_or_seg_to_shape', 'resampling_fn_probabilities_kwargs': {'is_seg': False, 'order': 1, 'order_z': 0, 'force_separate_z': None}, 'architecture': {'network_class_name': 'dynamic_network_architectures.architectures.unet.PlainConvUNet', 'arch_kwargs': {'n_stages': 6, 'features_per_stage': [32, 64, 128, 256, 320, 320], 'conv_op': 'torch.nn.modules.conv.Conv3d', 'kernel_sizes': [[3, 3, 3], [3, 3, 3], [3, 3, 3], [3, 3, 3], [3, 3, 3], [3, 3, 3]], 'strides': [[1, 1, 1], [2, 2, 2], [2, 2, 2], [2, 2, 2], [2, 2, 2], [2, 2, 2]], 'n_conv_per_stage': [2, 2, 2, 2, 2, 2], 'n_conv_per_stage_decoder': [2, 2, 2, 2, 2], 'conv_bias': True, 'norm_op': 'torch.nn.modules.instancenorm.InstanceNorm3d', 'norm_op_kwargs': {'eps': 1e-05, 'affine': True}, 'dropout_op': None, 'dropout_op_kwargs': None, 'nonlin': 'torch.nn.LeakyReLU', 'nonlin_kwargs': {'inplace': True}}, '_kw_requires_import': ['conv_op', 'norm_op', 'dropout_op', 'nonlin']}, 'batch_dice': False, 'next_stage': '3d_cascade_fullres'}, '3d_fullres': {'data_identifier': 'nnUNetPlans_3d_fullres', 'preprocessor_name': 'DefaultPreprocessor', 'batch_size': 2, 'patch_size': [128, 128, 128], 'median_image_size_in_voxels': [482.0, 512.0, 512.0], 'spacing': [1.0, 0.767578125, 0.767578125], 'normalization_schemes': ['CTNormalization'], 'use_mask_for_norm': [False], 'resampling_fn_data': 'resample_data_or_seg_to_shape', 'resampling_fn_seg': 'resample_data_or_seg_to_shape', 'resampling_fn_data_kwargs': {'is_seg': False, 'order': 3, 'order_z': 0, 'force_separate_z': None}, 'resampling_fn_seg_kwargs': {'is_seg': True, 'order': 1, 'order_z': 0, 'force_separate_z': None}, 'resampling_fn_probabilities': 'resample_data_or_seg_to_shape', 'resampling_fn_probabilities_kwargs': {'is_seg': False, 'order': 1, 'order_z': 0, 'force_separate_z': None}, 'architecture': {'network_class_name': 'dynamic_network_architectures.architectures.unet.PlainConvUNet', 'arch_kwargs': {'n_stages': 6, 'features_per_stage': [32, 64, 128, 256, 320, 320], 'conv_op': 'torch.nn.modules.conv.Conv3d', 'kernel_sizes': [[3, 3, 3], [3, 3, 3], [3, 3, 3], [3, 3, 3], [3, 3, 3], [3, 3, 3]], 'strides': [[1, 1, 1], [2, 2, 2], [2, 2, 2], [2, 2, 2], [2, 2, 2], [2, 2, 2]], 'n_conv_per_stage': [2, 2, 2, 2, 2, 2], 'n_conv_per_stage_decoder': [2, 2, 2, 2, 2], 'conv_bias': True, 'norm_op': 'torch.nn.modules.instancenorm.InstanceNorm3d', 'norm_op_kwargs': {'eps': 1e-05, 'affine': True}, 'dropout_op': None, 'dropout_op_kwargs': None, 'nonlin': 'torch.nn.LeakyReLU', 'nonlin_kwargs': {'inplace': True}}, '_kw_requires_import': ['conv_op', 'norm_op', 'dropout_op', 'nonlin']}, 'batch_dice': True}, '3d_cascade_fullres': {'inherits_from': '3d_fullres', 'previous_stage': '3d_lowres'}}, 'experiment_planner_used': 'ExperimentPlanner', 'label_manager': 'LabelManager', 'foreground_intensity_properties_per_channel': {'0': {'max': 5420.0, 'mean': 99.48007202148438, 'median': 101.0, 'min': -983.0, 'percentile_00_5': -15.0, 'percentile_99_5': 197.0, 'std': 37.13840103149414}}}, 'configuration': '2d', 'fold': 0, 'dataset_json': {'name': 'Liver', 'description': 'Liver, and cancer segmentation', 'reference': 'xxxx', 'licence': 'CC-BY-SA 4.0', 'release': '1.0 04/05/2018', 'tensorImageSize': '3D', 'channel_names': {'0': 'CT'}, 'labels': {'background': '0', 'liver': '1', 'cancer': '2'}, 'regions_class_order': [0, 1, 2], 'file_ending': '.nii.gz', 'numTraining': 131, 'numTest': 70, 'training': [{'image': './imagesTr/liver_0_0000.nii.gz', 'label': './labelsTr/liver_0.nii.gz'}, {'image': './imagesTr/liver_1_0000.nii.gz', 'label': './labelsTr/liver_1.nii.gz'}, {'image': './imagesTr/liver_2_0000.nii.gz', 'label': './labelsTr/liver_2.nii.gz'}, {'image': './imagesTr/liver_3_0000.nii.gz', 'label': './labelsTr/liver_3.nii.gz'}, {'image': './imagesTr/liver_4_0000.nii.gz', 'label': './labelsTr/liver_4.nii.gz'}, {'image': './imagesTr/liver_5_0000.nii.gz', 'label': './labelsTr/liver_5.nii.gz'}, {'image': './imagesTr/liver_6_0000.nii.gz', 'label': './labelsTr/liver_6.nii.gz'}, {'image': './imagesTr/liver_7_0000.nii.gz', 'label': './labelsTr/liver_7.nii.gz'}, {'image': './imagesTr/liver_8_0000.nii.gz', 'label': './labelsTr/liver_8.nii.gz'}, {'image': './imagesTr/liver_9_0000.nii.gz', 'label': './labelsTr/liver_9.nii.gz'}, {'image': './imagesTr/liver_10_0000.nii.gz', 'label': './labelsTr/liver_10.nii.gz'}, {'image': './imagesTr/liver_11_0000.nii.gz', 'label': './labelsTr/liver_11.nii.gz'}, {'image': './imagesTr/liver_12_0000.nii.gz', 'label': './labelsTr/liver_12.nii.gz'}, {'image': './imagesTr/liver_13_0000.nii.gz', 'label': './labelsTr/liver_13.nii.gz'}, {'image': './imagesTr/liver_14_0000.nii.gz', 'label': './labelsTr/liver_14.nii.gz'}, {'image': './imagesTr/liver_15_0000.nii.gz', 'label': './labelsTr/liver_15.nii.gz'}, {'image': './imagesTr/liver_16_0000.nii.gz', 'label': './labelsTr/liver_16.nii.gz'}, {'image': './imagesTr/liver_17_0000.nii.gz', 'label': './labelsTr/liver_17.nii.gz'}, {'image': './imagesTr/liver_18_0000.nii.gz', 'label': './labelsTr/liver_18.nii.gz'}, {'image': './imagesTr/liver_19_0000.nii.gz', 'label': './labelsTr/liver_19.nii.gz'}, {'image': './imagesTr/liver_20_0000.nii.gz', 'label': './labelsTr/liver_20.nii.gz'}, {'image': './imagesTr/liver_21_0000.nii.gz', 'label': './labelsTr/liver_21.nii.gz'}, {'image': './imagesTr/liver_22_0000.nii.gz', 'label': './labelsTr/liver_22.nii.gz'}, {'image': './imagesTr/liver_23_0000.nii.gz', 'label': './labelsTr/liver_23.nii.gz'}, {'image': './imagesTr/liver_24_0000.nii.gz', 'label': './labelsTr/liver_24.nii.gz'}, {'image': './imagesTr/liver_25_0000.nii.gz', 'label': './labelsTr/liver_25.nii.gz'}, {'image': './imagesTr/liver_26_0000.nii.gz', 'label': './labelsTr/liver_26.nii.gz'}, {'image': './imagesTr/liver_27_0000.nii.gz', 'label': './labelsTr/liver_27.nii.gz'}, {'image': './imagesTr/liver_28_0000.nii.gz', 'label': './labelsTr/liver_28.nii.gz'}, {'image': './imagesTr/liver_29_0000.nii.gz', 'label': './labelsTr/liver_29.nii.gz'}, {'image': './imagesTr/liver_30_0000.nii.gz', 'label': './labelsTr/liver_30.nii.gz'}, {'image': './imagesTr/liver_31_0000.nii.gz', 'label': './labelsTr/liver_31.nii.gz'}, {'image': './imagesTr/liver_32_0000.nii.gz', 'label': './labelsTr/liver_32.nii.gz'}, {'image': './imagesTr/liver_33_0000.nii.gz', 'label': './labelsTr/liver_33.nii.gz'}, {'image': './imagesTr/liver_34_0000.nii.gz', 'label': './labelsTr/liver_34.nii.gz'}, {'image': './imagesTr/liver_35_0000.nii.gz', 'label': './labelsTr/liver_35.nii.gz'}, {'image': './imagesTr/liver_36_0000.nii.gz', 'label': './labelsTr/liver_36.nii.gz'}, {'image': './imagesTr/liver_37_0000.nii.gz', 'label': './labelsTr/liver_37.nii.gz'}, {'image': './imagesTr/liver_38_0000.nii.gz', 'label': './labelsTr/liver_38.nii.gz'}, {'image': './imagesTr/liver_39_0000.nii.gz', 'label': './labelsTr/liver_39.nii.gz'}, {'image': './imagesTr/liver_40_0000.nii.gz', 'label': './labelsTr/liver_40.nii.gz'}, {'image': './imagesTr/liver_41_0000.nii.gz', 'label': './labelsTr/liver_41.nii.gz'}, {'image': './imagesTr/liver_42_0000.nii.gz', 'label': './labelsTr/liver_42.nii.gz'}, {'image': './imagesTr/liver_43_0000.nii.gz', 'label': './labelsTr/liver_43.nii.gz'}, {'image': './imagesTr/liver_44_0000.nii.gz', 'label': './labelsTr/liver_44.nii.gz'}, {'image': './imagesTr/liver_45_0000.nii.gz', 'label': './labelsTr/liver_45.nii.gz'}, {'image': './imagesTr/liver_46_0000.nii.gz', 'label': './labelsTr/liver_46.nii.gz'}, {'image': './imagesTr/liver_47_0000.nii.gz', 'label': './labelsTr/liver_47.nii.gz'}, {'image': './imagesTr/liver_48_0000.nii.gz', 'label': './labelsTr/liver_48.nii.gz'}, {'image': './imagesTr/liver_49_0000.nii.gz', 'label': './labelsTr/liver_49.nii.gz'}, {'image': './imagesTr/liver_50_0000.nii.gz', 'label': './labelsTr/liver_50.nii.gz'}, {'image': './imagesTr/liver_51_0000.nii.gz', 'label': './labelsTr/liver_51.nii.gz'}, {'image': './imagesTr/liver_52_0000.nii.gz', 'label': './labelsTr/liver_52.nii.gz'}, {'image': './imagesTr/liver_53_0000.nii.gz', 'label': './labelsTr/liver_53.nii.gz'}, {'image': './imagesTr/liver_54_0000.nii.gz', 'label': './labelsTr/liver_54.nii.gz'}, {'image': './imagesTr/liver_55_0000.nii.gz', 'label': './labelsTr/liver_55.nii.gz'}, {'image': './imagesTr/liver_56_0000.nii.gz', 'label': './labelsTr/liver_56.nii.gz'}, {'image': './imagesTr/liver_57_0000.nii.gz', 'label': './labelsTr/liver_57.nii.gz'}, {'image': './imagesTr/liver_58_0000.nii.gz', 'label': './labelsTr/liver_58.nii.gz'}, {'image': './imagesTr/liver_59_0000.nii.gz', 'label': './labelsTr/liver_59.nii.gz'}, {'image': './imagesTr/liver_60_0000.nii.gz', 'label': './labelsTr/liver_60.nii.gz'}, {'image': './imagesTr/liver_61_0000.nii.gz', 'label': './labelsTr/liver_61.nii.gz'}, {'image': './imagesTr/liver_62_0000.nii.gz', 'label': './labelsTr/liver_62.nii.gz'}, {'image': './imagesTr/liver_63_0000.nii.gz', 'label': './labelsTr/liver_63.nii.gz'}, {'image': './imagesTr/liver_64_0000.nii.gz', 'label': './labelsTr/liver_64.nii.gz'}, {'image': './imagesTr/liver_65_0000.nii.gz', 'label': './labelsTr/liver_65.nii.gz'}, {'image': './imagesTr/liver_66_0000.nii.gz', 'label': './labelsTr/liver_66.nii.gz'}, {'image': './imagesTr/liver_67_0000.nii.gz', 'label': './labelsTr/liver_67.nii.gz'}, {'image': './imagesTr/liver_68_0000.nii.gz', 'label': './labelsTr/liver_68.nii.gz'}, {'image': './imagesTr/liver_69_0000.nii.gz', 'label': './labelsTr/liver_69.nii.gz'}, {'image': './imagesTr/liver_70_0000.nii.gz', 'label': './labelsTr/liver_70.nii.gz'}, {'image': './imagesTr/liver_71_0000.nii.gz', 'label': './labelsTr/liver_71.nii.gz'}, {'image': './imagesTr/liver_72_0000.nii.gz', 'label': './labelsTr/liver_72.nii.gz'}, {'image': './imagesTr/liver_73_0000.nii.gz', 'label': './labelsTr/liver_73.nii.gz'}, {'image': './imagesTr/liver_74_0000.nii.gz', 'label': './labelsTr/liver_74.nii.gz'}, {'image': './imagesTr/liver_75_0000.nii.gz', 'label': './labelsTr/liver_75.nii.gz'}, {'image': './imagesTr/liver_76_0000.nii.gz', 'label': './labelsTr/liver_76.nii.gz'}, {'image': './imagesTr/liver_77_0000.nii.gz', 'label': './labelsTr/liver_77.nii.gz'}, {'image': './imagesTr/liver_78_0000.nii.gz', 'label': './labelsTr/liver_78.nii.gz'}, {'image': './imagesTr/liver_79_0000.nii.gz', 'label': './labelsTr/liver_79.nii.gz'}, {'image': './imagesTr/liver_80_0000.nii.gz', 'label': './labelsTr/liver_80.nii.gz'}, {'image': './imagesTr/liver_81_0000.nii.gz', 'label': './labelsTr/liver_81.nii.gz'}, {'image': './imagesTr/liver_82_0000.nii.gz', 'label': './labelsTr/liver_82.nii.gz'}, {'image': './imagesTr/liver_83_0000.nii.gz', 'label': './labelsTr/liver_83.nii.gz'}, {'image': './imagesTr/liver_84_0000.nii.gz', 'label': './labelsTr/liver_84.nii.gz'}, {'image': './imagesTr/liver_85_0000.nii.gz', 'label': './labelsTr/liver_85.nii.gz'}, {'image': './imagesTr/liver_86_0000.nii.gz', 'label': './labelsTr/liver_86.nii.gz'}, {'image': './imagesTr/liver_87_0000.nii.gz', 'label': './labelsTr/liver_87.nii.gz'}, {'image': './imagesTr/liver_88_0000.nii.gz', 'label': './labelsTr/liver_88.nii.gz'}, {'image': './imagesTr/liver_89_0000.nii.gz', 'label': './labelsTr/liver_89.nii.gz'}, {'image': './imagesTr/liver_90_0000.nii.gz', 'label': './labelsTr/liver_90.nii.gz'}, {'image': './imagesTr/liver_91_0000.nii.gz', 'label': './labelsTr/liver_91.nii.gz'}, {'image': './imagesTr/liver_92_0000.nii.gz', 'label': './labelsTr/liver_92.nii.gz'}, {'image': './imagesTr/liver_93_0000.nii.gz', 'label': './labelsTr/liver_93.nii.gz'}, {'image': './imagesTr/liver_94_0000.nii.gz', 'label': './labelsTr/liver_94.nii.gz'}, {'image': './imagesTr/liver_95_0000.nii.gz', 'label': './labelsTr/liver_95.nii.gz'}, {'image': './imagesTr/liver_96_0000.nii.gz', 'label': './labelsTr/liver_96.nii.gz'}, {'image': './imagesTr/liver_97_0000.nii.gz', 'label': './labelsTr/liver_97.nii.gz'}, {'image': './imagesTr/liver_98_0000.nii.gz', 'label': './labelsTr/liver_98.nii.gz'}, {'image': './imagesTr/liver_99_0000.nii.gz', 'label': './labelsTr/liver_99.nii.gz'}, {'image': './imagesTr/liver_100_0000.nii.gz', 'label': './labelsTr/liver_100.nii.gz'}, {'image': './imagesTr/liver_101_0000.nii.gz', 'label': './labelsTr/liver_101.nii.gz'}, {'image': './imagesTr/liver_102_0000.nii.gz', 'label': './labelsTr/liver_102.nii.gz'}, {'image': './imagesTr/liver_103_0000.nii.gz', 'label': './labelsTr/liver_103.nii.gz'}, {'image': './imagesTr/liver_104_0000.nii.gz', 'label': './labelsTr/liver_104.nii.gz'}, {'image': './imagesTr/liver_105_0000.nii.gz', 'label': './labelsTr/liver_105.nii.gz'}, {'image': './imagesTr/liver_106_0000.nii.gz', 'label': './labelsTr/liver_106.nii.gz'}, {'image': './imagesTr/liver_107_0000.nii.gz', 'label': './labelsTr/liver_107.nii.gz'}, {'image': './imagesTr/liver_108_0000.nii.gz', 'label': './labelsTr/liver_108.nii.gz'}, {'image': './imagesTr/liver_109_0000.nii.gz', 'label': './labelsTr/liver_109.nii.gz'}, {'image': './imagesTr/liver_110_0000.nii.gz', 'label': './labelsTr/liver_110.nii.gz'}, {'image': './imagesTr/liver_111_0000.nii.gz', 'label': './labelsTr/liver_111.nii.gz'}, {'image': './imagesTr/liver_112_0000.nii.gz', 'label': './labelsTr/liver_112.nii.gz'}, {'image': './imagesTr/liver_113_0000.nii.gz', 'label': './labelsTr/liver_113.nii.gz'}, {'image': './imagesTr/liver_114_0000.nii.gz', 'label': './labelsTr/liver_114.nii.gz'}, {'image': './imagesTr/liver_115_0000.nii.gz', 'label': './labelsTr/liver_115.nii.gz'}, {'image': './imagesTr/liver_116_0000.nii.gz', 'label': './labelsTr/liver_116.nii.gz'}, {'image': './imagesTr/liver_117_0000.nii.gz', 'label': './labelsTr/liver_117.nii.gz'}, {'image': './imagesTr/liver_118_0000.nii.gz', 'label': './labelsTr/liver_118.nii.gz'}, {'image': './imagesTr/liver_119_0000.nii.gz', 'label': './labelsTr/liver_119.nii.gz'}, {'image': './imagesTr/liver_120_0000.nii.gz', 'label': './labelsTr/liver_120.nii.gz'}, {'image': './imagesTr/liver_121_0000.nii.gz', 'label': './labelsTr/liver_121.nii.gz'}, {'image': './imagesTr/liver_122_0000.nii.gz', 'label': './labelsTr/liver_122.nii.gz'}, {'image': './imagesTr/liver_123_0000.nii.gz', 'label': './labelsTr/liver_123.nii.gz'}, {'image': './imagesTr/liver_124_0000.nii.gz', 'label': './labelsTr/liver_124.nii.gz'}, {'image': './imagesTr/liver_125_0000.nii.gz', 'label': './labelsTr/liver_125.nii.gz'}, {'image': './imagesTr/liver_126_0000.nii.gz', 'label': './labelsTr/liver_126.nii.gz'}, {'image': './imagesTr/liver_127_0000.nii.gz', 'label': './labelsTr/liver_127.nii.gz'}, {'image': './imagesTr/liver_128_0000.nii.gz', 'label': './labelsTr/liver_128.nii.gz'}, {'image': './imagesTr/liver_129_0000.nii.gz', 'label': './labelsTr/liver_129.nii.gz'}, {'image': './imagesTr/liver_130_0000.nii.gz', 'label': './labelsTr/liver_130.nii.gz'}], 'test': ['./imagesTs/liver_132_0000.nii.gz', './imagesTs/liver_133_0000.nii.gz', './imagesTs/liver_134_0000.nii.gz', './imagesTs/liver_135_0000.nii.gz', './imagesTs/liver_136_0000.nii.gz', './imagesTs/liver_137_0000.nii.gz', './imagesTs/liver_138_0000.nii.gz', './imagesTs/liver_139_0000.nii.gz', './imagesTs/liver_140_0000.nii.gz', './imagesTs/liver_141_0000.nii.gz', './imagesTs/liver_142_0000.nii.gz', './imagesTs/liver_143_0000.nii.gz', './imagesTs/liver_144_0000.nii.gz', './imagesTs/liver_145_0000.nii.gz', './imagesTs/liver_146_0000.nii.gz', './imagesTs/liver_147_0000.nii.gz', './imagesTs/liver_148_0000.nii.gz', './imagesTs/liver_149_0000.nii.gz', './imagesTs/liver_150_0000.nii.gz', './imagesTs/liver_151_0000.nii.gz', './imagesTs/liver_152_0000.nii.gz', './imagesTs/liver_153_0000.nii.gz', './imagesTs/liver_154_0000.nii.gz', './imagesTs/liver_155_0000.nii.gz', './imagesTs/liver_156_0000.nii.gz', './imagesTs/liver_157_0000.nii.gz', './imagesTs/liver_158_0000.nii.gz', './imagesTs/liver_159_0000.nii.gz', './imagesTs/liver_160_0000.nii.gz', './imagesTs/liver_161_0000.nii.gz', './imagesTs/liver_162_0000.nii.gz', './imagesTs/liver_163_0000.nii.gz', './imagesTs/liver_164_0000.nii.gz', './imagesTs/liver_165_0000.nii.gz', './imagesTs/liver_166_0000.nii.gz', './imagesTs/liver_167_0000.nii.gz', './imagesTs/liver_168_0000.nii.gz', './imagesTs/liver_169_0000.nii.gz', './imagesTs/liver_170_0000.nii.gz', './imagesTs/liver_171_0000.nii.gz', './imagesTs/liver_172_0000.nii.gz', './imagesTs/liver_173_0000.nii.gz', './imagesTs/liver_174_0000.nii.gz', './imagesTs/liver_175_0000.nii.gz', './imagesTs/liver_176_0000.nii.gz', './imagesTs/liver_177_0000.nii.gz', './imagesTs/liver_178_0000.nii.gz', './imagesTs/liver_179_0000.nii.gz', './imagesTs/liver_180_0000.nii.gz', './imagesTs/liver_181_0000.nii.gz', './imagesTs/liver_182_0000.nii.gz', './imagesTs/liver_183_0000.nii.gz', './imagesTs/liver_184_0000.nii.gz', './imagesTs/liver_185_0000.nii.gz', './imagesTs/liver_186_0000.nii.gz', './imagesTs/liver_187_0000.nii.gz', './imagesTs/liver_188_0000.nii.gz', './imagesTs/liver_189_0000.nii.gz', './imagesTs/liver_190_0000.nii.gz', './imagesTs/liver_191_0000.nii.gz', './imagesTs/liver_192_0000.nii.gz', './imagesTs/liver_193_0000.nii.gz', './imagesTs/liver_194_0000.nii.gz', './imagesTs/liver_195_0000.nii.gz', './imagesTs/liver_196_0000.nii.gz', './imagesTs/liver_197_0000.nii.gz', './imagesTs/liver_198_0000.nii.gz', './imagesTs/liver_199_0000.nii.gz', './imagesTs/liver_200_0000.nii.gz', './imagesTs/liver_201_0000.nii.gz']}, 'device': device(type='cpu')}",
    "network": "PlainConvUNet",
    "num_epochs": "1000",
    "num_input_channels": "1",
    "num_iterations_per_epoch": "250",
    "num_val_iterations_per_epoch": "50",
    "optimizer": "SGD (\nParameter Group 0\n    dampening: 0\n    differentiable: False\n    foreach: None\n    fused: None\n    initial_lr: 0.01\n    lr: 0.01\n    maximize: False\n    momentum: 0.99\n    nesterov: True\n    weight_decay: 3e-05\n)",
    "output_folder": "/Users/mykytababanin/Desktop/nnU-Net/nnUNet_results/Dataset503_Liver/nnUNetTrainer__nnUNetPlans__2d/fold_0",
    "output_folder_base": "/Users/mykytababanin/Desktop/nnU-Net/nnUNet_results/Dataset503_Liver/nnUNetTrainer__nnUNetPlans__2d",
    "oversample_foreground_percent": "0.33",
    "plans_manager": "{'dataset_name': 'Dataset503_Liver', 'plans_name': 'nnUNetPlans', 'original_median_spacing_after_transp': [1.0, 0.767578125, 0.767578125], 'original_median_shape_after_transp': [432, 512, 512], 'image_reader_writer': 'SimpleITKIO', 'transpose_forward': [0, 1, 2], 'transpose_backward': [0, 1, 2], 'configurations': {'2d': {'data_identifier': 'nnUNetPlans_2d', 'preprocessor_name': 'DefaultPreprocessor', 'batch_size': 12, 'patch_size': [512, 512], 'median_image_size_in_voxels': [512.0, 512.0], 'spacing': [0.767578125, 0.767578125], 'normalization_schemes': ['CTNormalization'], 'use_mask_for_norm': [False], 'resampling_fn_data': 'resample_data_or_seg_to_shape', 'resampling_fn_seg': 'resample_data_or_seg_to_shape', 'resampling_fn_data_kwargs': {'is_seg': False, 'order': 3, 'order_z': 0, 'force_separate_z': None}, 'resampling_fn_seg_kwargs': {'is_seg': True, 'order': 1, 'order_z': 0, 'force_separate_z': None}, 'resampling_fn_probabilities': 'resample_data_or_seg_to_shape', 'resampling_fn_probabilities_kwargs': {'is_seg': False, 'order': 1, 'order_z': 0, 'force_separate_z': None}, 'architecture': {'network_class_name': 'dynamic_network_architectures.architectures.unet.PlainConvUNet', 'arch_kwargs': {'n_stages': 8, 'features_per_stage': [32, 64, 128, 256, 512, 512, 512, 512], 'conv_op': 'torch.nn.modules.conv.Conv2d', 'kernel_sizes': [[3, 3], [3, 3], [3, 3], [3, 3], [3, 3], [3, 3], [3, 3], [3, 3]], 'strides': [[1, 1], [2, 2], [2, 2], [2, 2], [2, 2], [2, 2], [2, 2], [2, 2]], 'n_conv_per_stage': [2, 2, 2, 2, 2, 2, 2, 2], 'n_conv_per_stage_decoder': [2, 2, 2, 2, 2, 2, 2], 'conv_bias': True, 'norm_op': 'torch.nn.modules.instancenorm.InstanceNorm2d', 'norm_op_kwargs': {'eps': 1e-05, 'affine': True}, 'dropout_op': None, 'dropout_op_kwargs': None, 'nonlin': 'torch.nn.LeakyReLU', 'nonlin_kwargs': {'inplace': True}}, '_kw_requires_import': ['conv_op', 'norm_op', 'dropout_op', 'nonlin']}, 'batch_dice': True}, '3d_lowres': {'data_identifier': 'nnUNetPlans_3d_lowres', 'preprocessor_name': 'DefaultPreprocessor', 'batch_size': 2, 'patch_size': [128, 128, 128], 'median_image_size_in_voxels': [193, 205, 205], 'spacing': [2.5000803453253524, 1.9190069838141859, 1.9190069838141859], 'normalization_schemes': ['CTNormalization'], 'use_mask_for_norm': [False], 'resampling_fn_data': 'resample_data_or_seg_to_shape', 'resampling_fn_seg': 'resample_data_or_seg_to_shape', 'resampling_fn_data_kwargs': {'is_seg': False, 'order': 3, 'order_z': 0, 'force_separate_z': None}, 'resampling_fn_seg_kwargs': {'is_seg': True, 'order': 1, 'order_z': 0, 'force_separate_z': None}, 'resampling_fn_probabilities': 'resample_data_or_seg_to_shape', 'resampling_fn_probabilities_kwargs': {'is_seg': False, 'order': 1, 'order_z': 0, 'force_separate_z': None}, 'architecture': {'network_class_name': 'dynamic_network_architectures.architectures.unet.PlainConvUNet', 'arch_kwargs': {'n_stages': 6, 'features_per_stage': [32, 64, 128, 256, 320, 320], 'conv_op': 'torch.nn.modules.conv.Conv3d', 'kernel_sizes': [[3, 3, 3], [3, 3, 3], [3, 3, 3], [3, 3, 3], [3, 3, 3], [3, 3, 3]], 'strides': [[1, 1, 1], [2, 2, 2], [2, 2, 2], [2, 2, 2], [2, 2, 2], [2, 2, 2]], 'n_conv_per_stage': [2, 2, 2, 2, 2, 2], 'n_conv_per_stage_decoder': [2, 2, 2, 2, 2], 'conv_bias': True, 'norm_op': 'torch.nn.modules.instancenorm.InstanceNorm3d', 'norm_op_kwargs': {'eps': 1e-05, 'affine': True}, 'dropout_op': None, 'dropout_op_kwargs': None, 'nonlin': 'torch.nn.LeakyReLU', 'nonlin_kwargs': {'inplace': True}}, '_kw_requires_import': ['conv_op', 'norm_op', 'dropout_op', 'nonlin']}, 'batch_dice': False, 'next_stage': '3d_cascade_fullres'}, '3d_fullres': {'data_identifier': 'nnUNetPlans_3d_fullres', 'preprocessor_name': 'DefaultPreprocessor', 'batch_size': 2, 'patch_size': [128, 128, 128], 'median_image_size_in_voxels': [482.0, 512.0, 512.0], 'spacing': [1.0, 0.767578125, 0.767578125], 'normalization_schemes': ['CTNormalization'], 'use_mask_for_norm': [False], 'resampling_fn_data': 'resample_data_or_seg_to_shape', 'resampling_fn_seg': 'resample_data_or_seg_to_shape', 'resampling_fn_data_kwargs': {'is_seg': False, 'order': 3, 'order_z': 0, 'force_separate_z': None}, 'resampling_fn_seg_kwargs': {'is_seg': True, 'order': 1, 'order_z': 0, 'force_separate_z': None}, 'resampling_fn_probabilities': 'resample_data_or_seg_to_shape', 'resampling_fn_probabilities_kwargs': {'is_seg': False, 'order': 1, 'order_z': 0, 'force_separate_z': None}, 'architecture': {'network_class_name': 'dynamic_network_architectures.architectures.unet.PlainConvUNet', 'arch_kwargs': {'n_stages': 6, 'features_per_stage': [32, 64, 128, 256, 320, 320], 'conv_op': 'torch.nn.modules.conv.Conv3d', 'kernel_sizes': [[3, 3, 3], [3, 3, 3], [3, 3, 3], [3, 3, 3], [3, 3, 3], [3, 3, 3]], 'strides': [[1, 1, 1], [2, 2, 2], [2, 2, 2], [2, 2, 2], [2, 2, 2], [2, 2, 2]], 'n_conv_per_stage': [2, 2, 2, 2, 2, 2], 'n_conv_per_stage_decoder': [2, 2, 2, 2, 2], 'conv_bias': True, 'norm_op': 'torch.nn.modules.instancenorm.InstanceNorm3d', 'norm_op_kwargs': {'eps': 1e-05, 'affine': True}, 'dropout_op': None, 'dropout_op_kwargs': None, 'nonlin': 'torch.nn.LeakyReLU', 'nonlin_kwargs': {'inplace': True}}, '_kw_requires_import': ['conv_op', 'norm_op', 'dropout_op', 'nonlin']}, 'batch_dice': True}, '3d_cascade_fullres': {'inherits_from': '3d_fullres', 'previous_stage': '3d_lowres'}}, 'experiment_planner_used': 'ExperimentPlanner', 'label_manager': 'LabelManager', 'foreground_intensity_properties_per_channel': {'0': {'max': 5420.0, 'mean': 99.48007202148438, 'median': 101.0, 'min': -983.0, 'percentile_00_5': -15.0, 'percentile_99_5': 197.0, 'std': 37.13840103149414}}}",
    "preprocessed_dataset_folder": "/Users/mykytababanin/Desktop/nnU-Net/nnUNet_preprocessed/Dataset503_Liver/nnUNetPlans_2d",
    "preprocessed_dataset_folder_base": "/Users/mykytababanin/Desktop/nnU-Net/nnUNet_preprocessed/Dataset503_Liver",
    "probabilistic_oversampling": "False",
    "save_every": "50",
    "torch_version": "2.6.0",
    "was_initialized": "True",
    "weight_decay": "3e-05"
}